Descrição,Apelo,Feito
Simulador de Orçamento Doméstico,Organize suas finanças de forma prática e direta!,1
Cronograma Diário de Atividades,Planeje seu dia sem depender de ferramentas externas!,1
Conversor de Moedas,Converta valores rapidamente direto no navegador!,1
Tabela de Preços com Cálculo de Descontos,Facilite a criação de promoções e ajustes de preços!,0
Gerador de Notas Fiscais Simples,Transforme seu site em uma ferramenta prática para negócios!,0
Simulador de Investimentos,Veja como seus investimentos podem render diretamente no navegador.,1
Personalizador de Cores para Sites,Customize sua paleta de cores e crie designs únicos!,0
Simulador de Parcelamento,Descubra como parcelar compras sem complicações!,0
Comparador de Produtos,Escolha o melhor produto sem abrir várias abas!,0
Ferramenta de Planejamento de Viagens,Planeje sua viagem perfeita com poucos cliques!,0
Quiz Personalizado,Aprenda ou ensine de forma divertida com quizzes interativos!,0
Simulador de Consumo de Energia,Descubra como economizar energia no seu dia a dia!,0
Rastreador de Projetos,Gerencie seus projetos sem complicações e direto no navegador.,0
Conversor de Texto em Markdown,Crie conteúdo formatado para blogs ou documentos facilmente!,0
Calendário Interativo de Eventos,Organize seus compromissos com um calendário direto no seu site!,0
Simulador de Emissão de Carbono,Descubra seu impacto no planeta e tome atitudes conscientes!,0
Checklist para Viagens ou Eventos,Não esqueça nada na próxima viagem!,0
Gerador de Currículo Online,Crie um currículo profissional sem precisar de programas extras!,0
Rastreador de Metas,Visualize seu progresso e alcance seus objetivos de forma clara!,0
Simulador de Juros Simples,Entenda os números e tome decisões financeiras melhores!,0
Simulador de Orçamento Doméstico,Organize suas finanças de forma prática e direta!,0
Cronograma Diário de Atividades,Planeje seu dia sem depender de ferramentas externas!,0
Tabela de Preços com Cálculo de Descontos,Facilite a criação de promoções e ajustes de preços!,0
Gerador de Notas Fiscais Simples,Transforme seu site em uma ferramenta prática para negócios!,0
Simulador de Investimentos,Veja como seus investimentos podem render diretamente no navegador.,0
Personalizador de Cores para Sites,Customize sua paleta de cores e crie designs únicos!,0
Simulador de Parcelamento,Descubra como parcelar compras sem complicações!,0
Comparador de Produtos,Escolha o melhor produto sem abrir várias abas!,0
Ferramenta de Planejamento de Viagens,Planeje sua viagem perfeita com poucos cliques!,0
Quiz Personalizado,Aprenda ou ensine de forma divertida com quizzes interativos!,0
Simulador de Consumo de Energia,Descubra como economizar energia no seu dia a dia!,0
Rastreador de Projetos,Gerencie seus projetos sem complicações e direto no navegador.,0
Conversor de Texto em Markdown,Crie conteúdo formatado para blogs ou documentos facilmente!,0
Calendário Interativo de Eventos,Organize seus compromissos com um calendário direto no seu site!,0
Simulador de Emissão de Carbono,Descubra seu impacto no planeta e tome atitudes conscientes!,0
Checklist para Viagens ou Eventos,Não esqueça nada na próxima viagem!,0
Gerador de Currículo Online,Crie um currículo profissional sem precisar de programas extras!,0
Rastreador de Metas,Visualize seu progresso e alcance seus objetivos de forma clara!,0
Simulador de Juros Simples,Entenda os números e tome decisões financeiras melhores!,0
Simulador de Orçamento Doméstico,Organize suas finanças de forma prática e direta!,0
Cronograma Diário de Atividades,Planeje seu dia sem depender de ferramentas externas!,0
Conversor de Moedas,Converta valores rapidamente direto no navegador!,0
Tabela de Preços com Cálculo de Descontos,Facilite a criação de promoções e ajustes de preços!,0
Gerador de Notas Fiscais Simples,Transforme seu site em uma ferramenta prática para negócios!,0
Simulador de Investimentos,Veja como seus investimentos podem render diretamente no navegador.,0
Personalizador de Cores para Sites,Customize sua paleta de cores e crie designs únicos!,0
Simulador de Parcelamento,Descubra como parcelar compras sem complicações!,0
Comparador de Produtos,Escolha o melhor produto sem abrir várias abas!,0
Ferramenta de Planejamento de Viagens,Planeje sua viagem perfeita com poucos cliques!,0
Quiz Personalizado,Aprenda ou ensine de forma divertida com quizzes interativos!,0
Simulador de Consumo de Energia,Descubra como economizar energia no seu dia a dia!,0
Rastreador de Projetos,Gerencie seus projetos sem complicações e direto no navegador.,0
Conversor de Texto em Markdown,Crie conteúdo formatado para blogs ou documentos facilmente!,0
Calendário Interativo de Eventos,Organize seus compromissos com um calendário direto no seu site!,0
Simulador de Emissão de Carbono,Descubra seu impacto no planeta e tome atitudes conscientes!,0
Checklist para Viagens ou Eventos,Não esqueça nada na próxima viagem!,0
Gerador de Currículo Online,Crie um currículo profissional sem precisar de programas extras!,0
Rastreador de Metas,Visualize seu progresso e alcance seus objetivos de forma clara!,0
Simulador de Juros Simples,Entenda os números e tome decisões financeiras melhores!,0
Simulador de Orçamento Doméstico,Organize suas finanças de forma prática e direta!,0
Cronograma Diário de Atividades,Planeje seu dia sem depender de ferramentas externas!,0
Conversor de Moedas,Converta valores rapidamente direto no navegador!,0
Tabela de Preços com Cálculo de Descontos,Facilite a criação de promoções e ajustes de preços!,0
Gerador de Notas Fiscais Simples,Transforme seu site em uma ferramenta prática para negócios!,0
Simulador de Investimentos,Veja como seus investimentos podem render diretamente no navegador.,0
Personalizador de Cores para Sites,Customize sua paleta de cores e crie designs únicos!,0
Simulador de Parcelamento,Descubra como parcelar compras sem complicações!,0
Comparador de Produtos,Escolha o melhor produto sem abrir várias abas!,0
Ferramenta de Planejamento de Viagens,Planeje sua viagem perfeita com poucos cliques!,0
Quiz Personalizado,Aprenda ou ensine de forma divertida com quizzes interativos!,0
Simulador de Consumo de Energia,Descubra como economizar energia no seu dia a dia!,0
Rastreador de Projetos,Gerencie seus projetos sem complicações e direto no navegador.,0
Conversor de Texto em Markdown,Crie conteúdo formatado para blogs ou documentos facilmente!,0
Calendário Interativo de Eventos,Organize seus compromissos com um calendário direto no seu site!,0
Simulador de Emissão de Carbono,Descubra seu impacto no planeta e tome atitudes conscientes!,0
Checklist para Viagens ou Eventos,Não esqueça nada na próxima viagem!,0
Gerador de Currículo Online,Crie um currículo profissional sem precisar de programas extras!,0
Rastreador de Metas,Visualize seu progresso e alcance seus objetivos de forma clara!,0
Simulador de Juros Simples,Entenda os números e tome decisões financeiras melhores!,0
Simulador de Orçamento Doméstico,Organize suas finanças de forma prática e direta!,0
Cronograma Diário de Atividades,Planeje seu dia sem depender de ferramentas externas!,0
Conversor de Moedas,Converta valores rapidamente direto no navegador!,0
Tabela de Preços com Cálculo de Descontos,Facilite a criação de promoções e ajustes de preços!,0
Gerador de Notas Fiscais Simples,Transforme seu site em uma ferramenta prática para negócios!,0
Simulador de Investimentos,Veja como seus investimentos podem render diretamente no navegador.,0
Personalizador de Cores para Sites,Customize sua paleta de cores e crie designs únicos!,0
Simulador de Parcelamento,Descubra como parcelar compras sem complicações!,0
Comparador de Produtos,Escolha o melhor produto sem abrir várias abas!,0
Ferramenta de Planejamento de Viagens,Planeje sua viagem perfeita com poucos cliques!,0
Quiz Personalizado,Aprenda ou ensine de forma divertida com quizzes interativos!,0
Simulador de Consumo de Energia,Descubra como economizar energia no seu dia a dia!,0
Rastreador de Projetos,Gerencie seus projetos sem complicações e direto no navegador.,0
Conversor de Texto em Markdown,Crie conteúdo formatado para blogs ou documentos facilmente!,0
Calendário Interativo de Eventos,Organize seus compromissos com um calendário direto no seu site!,0
Simulador de Emissão de Carbono,Descubra seu impacto no planeta e tome atitudes conscientes!,0
Checklist para Viagens ou Eventos,Não esqueça nada na próxima viagem!,0
Gerador de Currículo Online,Crie um currículo profissional sem precisar de programas extras!,0
Rastreador de Metas,Visualize seu progresso e alcance seus objetivos de forma clara!,0
Simulador de Juros Simples,Entenda os números e tome decisões financeiras melhores!,0
Simulador de Orçamento Doméstico,Organize suas finanças de forma prática e direta!,0
Cronograma Diário de Atividades,Planeje seu dia sem depender de ferramentas externas!,0
Conversor de Moedas,Converta valores rapidamente direto no navegador!,0
Tabela de Preços com Cálculo de Descontos,Facilite a criação de promoções e ajustes de preços!,0
Gerador de Notas Fiscais Simples,Transforme seu site em uma ferramenta prática para negócios!,0
Simulador de Investimentos,Veja como seus investimentos podem render diretamente no navegador.,0
Personalizador de Cores para Sites,Customize sua paleta de cores e crie designs únicos!,0
Simulador de Parcelamento,Descubra como parcelar compras sem complicações!,0
Comparador de Produtos,Escolha o melhor produto sem abrir várias abas!,0
Ferramenta de Planejamento de Viagens,Planeje sua viagem perfeita com poucos cliques!,0
Quiz Personalizado,Aprenda ou ensine de forma divertida com quizzes interativos!,0
Simulador de Consumo de Energia,Descubra como economizar energia no seu dia a dia!,0
Rastreador de Projetos,Gerencie seus projetos sem complicações e direto no navegador.,0
Conversor de Texto em Markdown,Crie conteúdo formatado para blogs ou documentos facilmente!,0
Calendário Interativo de Eventos,Organize seus compromissos com um calendário direto no seu site!,0
Simulador de Emissão de Carbono,Descubra seu impacto no planeta e tome atitudes conscientes!,0
Checklist para Viagens ou Eventos,Não esqueça nada na próxima viagem!,0
Gerador de Currículo Online,Crie um currículo profissional sem precisar de programas extras!,0
Rastreador de Metas,Visualize seu progresso e alcance seus objetivos de forma clara!,0
Simulador de Juros Simples,Entenda os números e tome decisões financeiras melhores!,0
Simulador de Orçamento Doméstico,Organize suas finanças de forma prática e direta!,0
Cronograma Diário de Atividades,Planeje seu dia sem depender de ferramentas externas!,0
Conversor de Moedas,Converta valores rapidamente direto no navegador!,0
Tabela de Preços com Cálculo de Descontos,Facilite a criação de promoções e ajustes de preços!,0
Gerador de Notas Fiscais Simples,Transforme seu site em uma ferramenta prática para negócios!,0
Simulador de Investimentos,Veja como seus investimentos podem render diretamente no navegador.,0
Personalizador de Cores para Sites,Customize sua paleta de cores e crie designs únicos!,0
Simulador de Parcelamento,Descubra como parcelar compras sem complicações!,0
Comparador de Produtos,Escolha o melhor produto sem abrir várias abas!,0
Ferramenta de Planejamento de Viagens,Planeje sua viagem perfeita com poucos cliques!,0
Quiz Personalizado,Aprenda ou ensine de forma divertida com quizzes interativos!,0
Simulador de Consumo de Energia,Descubra como economizar energia no seu dia a dia!,0
Rastreador de Projetos,Gerencie seus projetos sem complicações e direto no navegador.,0
Conversor de Texto em Markdown,Crie conteúdo formatado para blogs ou documentos facilmente!,0
Calendário Interativo de Eventos,Organize seus compromissos com um calendário direto no seu site!,0
Simulador de Emissão de Carbono,Descubra seu impacto no planeta e tome atitudes conscientes!,0
Checklist para Viagens ou Eventos,Não esqueça nada na próxima viagem!,0
Gerador de Currículo Online,Crie um currículo profissional sem precisar de programas extras!,0
Rastreador de Metas,Visualize seu progresso e alcance seus objetivos de forma clara!,0
Simulador de Juros Simples,Entenda os números e tome decisões financeiras melhores!,0
Simulador de Orçamento Doméstico,Organize suas finanças de forma prática e direta!,0
Cronograma Diário de Atividades,Planeje seu dia sem depender de ferramentas externas!,0
Conversor de Moedas,Converta valores rapidamente direto no navegador!,0
Tabela de Preços com Cálculo de Descontos,Facilite a criação de promoções e ajustes de preços!,0
Gerador de Notas Fiscais Simples,Transforme seu site em uma ferramenta prática para negócios!,0
Simulador de Investimentos,Veja como seus investimentos podem render diretamente no navegador.,0
Personalizador de Cores para Sites,Customize sua paleta de cores e crie designs únicos!,0
Simulador de Parcelamento,Descubra como parcelar compras sem complicações!,0
Comparador de Produtos,Escolha o melhor produto sem abrir várias abas!,0
Ferramenta de Planejamento de Viagens,Planeje sua viagem perfeita com poucos cliques!,0
